B._Bill,Barnacle_Bill
Bakers_Bench,Baker's_Bench
Bambam,Bam_Bam
Bamm_Bamm,Bam_Bam
Fat_Top,Flat_Top
Garak,Garrak
Ga_Rrak,Garrak
H._Dome,Half_Dome
Hobbs,Hobbes
Mini-Matterhorn,Mini_Matterhorn
Mm,Mini_Matterhorn
Poohbear,Pooh_Bear
Scooby,Scooby_Doo
Souffl,Soufflé
Souffle,Soufflé
Souffle,Soufflé
Soufle,Soufflé
