A_Blaski,Alice_Blaski
Adk,Adirondack
Alan_Hills,Allan_Hills
Arthur_C_Harmon,Arthur_C._Harmon
Arthurcharmon,Arthur_C._Harmon
B.hardy,Bennett_Hardy
Bb,Bread_Box
Bearisland,Bear_Island
Bellin_Gshausen,Bellingshausen
Bellyrock,Belly_Rock
Bens_Clod,Ben's_Clod
Berkner_Island_1,Berkner_Island1
Bighole,Big_Hole
Boroughs,The_Boroughs
Breadbox,Bread_Box
Champange,Champagne
Clara_Zap,Clara_Zaph
Comanchespur,Comanche_Spur
Commanche,Comanche
Cratchit_2,Cratchit2
Cyclops_Eye_1,Cyclops_Eye1
Cyclops_Eye_3,Cyclops_Eye3
Deadsea,Dead_Sea
E.hamilton,Edmond_Hamilton
East_Val_Ley,East_Valley
Eldorado,El_Dorado
Elieen_Dean,Eileen_Dean
Elizabeth_Emer,Elizabeth_Emery
Elizabethemery,Elizabeth_Emery
E_Mahon,Elizabeth_Mahon
Ev,Everett
Fredericbrown,Frederic_Brown
Fuzzysmith,Fuzzy_Smith
Fuzzy_Smith_2,Fuzzy_Smith2
Gertrude_Weiss,Gertrude_Weise
Gertrudeweise,Gertrude_Weise
Gerturde_Weise,Gertrude_Weise
Grahamland,Graham_Land
Greeneyes,Green_Eyes
G_Weise,Gertrude_Weise
Haskin,Haskin_Ridge
Haskin's_Ridge,Haskin_Ridge
Hell'skittchen,Hell's_Kitchen
Hmp,Humphrey
Homeplate,Home_Plate
Humboldtpeak,Humboldt_Peak
Humphrey_Rat,Humphrey
Humphries,Humphrey
Humphry,Humphrey
Husband_Hills,Husband_Hill
Iby,Innocent_Bystander
I_Bystander,Innocent_Bystander
Jamescoolpappabell,Jamescoolpapabell
Jibbsheet,Jibsheet
Juneemerson,June_Emerson
Kc,Kenosha_Comets
Kenoshacomets,Kenosha_Comets
Kingegeorgeisland,King_George_Island
Kinggeorgeisland,King_George_Island
Kinggoergeisland,King_George_Island
Kinggeorge,King_George_Island
King_George,King_George_Island
Lahonton,Lahontan
Lands_End,Land's_End
Larrysbench,Larry's_Bench
Larrys_Lookout,Larry's_Lookout
Larrys_Outcrop,Larry's_Outcrop
Lorre,Lorre_Ridge
Lowridge,Low_Ridge
Masada,Masada_Clod
Maz,Mazatzal
M_Darwin,Mount_Darwin
Mehthuselah,Methuselah
Methuslah,Methuselah
Micheltree_Ridge,Mitcheltree_Ridge
Mitcheltree_Ridges,Mitcheltree_Ridge
Nancywarren,Nancy_Warren
Pasorobles,Paso_Robles
Paso_Robles_2,Paso_Robles2
P.dick,Philip_K_Dick
Pearls,String_Of_Pearls
Pecanpie,Pecan_Pie
Penina_4,Penina4
Pes_Apallo,Pesapallo
Phyllis_Wise_2,Phyllis_Wise2
Pioneermound,Pioneer_Mound
Pog,Pot_Of_Gold
Polyhphemus_eye,Polyphemus_Eye
Pot_O'_Gold,Pot_Of_Gold
Potofgold,Pot_Of_Gold
Pr,Paso_Robles
Progress_1,Progress1
R66,Route_66
Route66,Route_66
Sanjuan,San_Juan
Scamander_Plains_4,Scamander_Plains4
Scamander_Plains_5,Scamander_Plains5
Scamander_Plains_6,Scamander_Plains6
Scamander_Plains_7,Scamander_Plains7
Scamander_Plains_8,Scamander_Plains8
Scamander_Plains_9,Scamander_Plains9
Scamander_Plains_10,Scamander_Plains10
Scamander_Plains_11,Scamander_Plains11
Scamander_Plains_12,Scamander_Plains12
Scamander_Plains_13,Scamander_Plains13
Scamander_Plains_14,Scamander_Plains14
Scamander_Plains_15,Scamander_Plains15
Scamander_Plains_16,Scamander_Plains16
Scamander_Plains_17,Scamander_Plains17
Scamander_Plains_18,Scamander_Plains18
Scamander_Plains_19,Scamander_Plains19
South_Point_1,South_Point1
Stapleton,Stapledon
Texaschili,Texas_Chili
T_Nodules,Tyrone_Nodules
Tor_Quas,Torquas
Ulysess,Ulysses
V_Bell,Virginia_Bell
Vonbraun,Von_Braun
Wachtower,Watchtower
Winston_Gaskins_2,Winston_Gaskins2
Winter_Haven_2,Winter_Haven2
Winterhaven2,Winter_Haven2
