Ada,Ada_Crater
Bi,Block_Island
Bernallio,Bernalillo
Berrybowl,Berry_Bowl
Berrybowl_Empty,Berry_Bowl_Empty
Berrybowl_Full,Berry_Bowl_Full
"Berry_Bowl,_Empty",Berry_Bowl_Empty
Boabab,Baobab
Bouncerock,Bounce_Rock
Brian_Choice,Brian's_Choice
Burns,Burns_Formation
Burnsfm,Burns_Formation
Burns_Fm,Burns_Formation
Cape_St_Vincent,Cape_St._Vincent
Capes_Tribulation,Cape_Tribulation
Capes_York,Cape_York
Concepcion,Concepción_Crater
Concepción,Concepción_Crater
Cookies'n_Cream,Cookies_'n_Cream
Cy,Cape_York
Dogpark,Dog_Park
Donald_A_Hall,Donald_A._Hall
Eagle,Eagle_Crater
E_Cann,E._Cann
Endeavor,Endeavour_Crater
Endeavor_Crater,Endeavour_Crater
Endeavour,Endeavour_Crater
Endeavour_Crater's_Rim,Endeavour_Crater_Rim
Endeavour_Rim,Endeavour_Crater_Rim
Endeavour's_Rim,Endeavour_Crater_Rim
Endurance,Endurance_Crater
Erebus,Erebus_Crater
Erebus_Rim,Erebus_Crater_Rim
Espérance,Esperance
Flatrock,Flat_Rock
Fram,Fram_Crater
Fredripple,Fred_Ripple
Fruitbasket,Fruit_Basket
Gallgo,Gallego
Grasberg,Grasberg_Formation
Grasberg_Fm,Grasberg_Formation
Greeley_Haven,Greeley_Winter_Haven
Gudalupe,Guadalupe
Harold_M_Bixby,Harold_M._Bixby
Heat_Shield,Heat_Shield_Rock
Heat_Shield_Rock,Heat_Shield_Rock
Heatshield,Heat_Shield_Rock
Heatshield_Rock,Heat_Shield_Rock
Hematrench_1,Hema_Trench_1
Hematrenchwall_2,Hema_Trench_Wall_2
Hs,Heat_Shield_Rock
Hsr,Heat_Shield_Rock
Iazu,Iazu_Crater
Intrepid,Intrepid_Crater
Jackrussell,Jack_Russell
Jack_Russel,Jack_Russell
Kaikos,Kaikos_Crater
Kaikos_Cluster,Kaikos_Crater_Cluster
Knudson_Ridge,Knudsen_Ridge
Lemonrind,Lemon_Rind
Lindberg_Mound,Lindbergh_Mound
Lionstone,Lion_Stone
Mackinac,Mackinac_Island
Marathon,Marathon_Valley
Marquette,Marquette_Island
Matiejvic_Formation,Matijevic_Formation
Matijevic,Matijevic_Formation
Matijevic_Fm,Matijevic_Formation
Matijevic_Hills,Matijevic_Hill
Matjevic_Formation,Matijevic_Formation
Matjievic_Formation,Matijevic_Formation
Mckiitrick,Mckittrick
Meridian_Planum,Meridiani_Planum
Meridiani_Plaunum,Meridiani_Planum
Messila,Mesilla
Mi,Mackinac_Island
Mp,Meridiani_Planum
Mr,Murray_Ridge
Murray,Murray_Ridge
Murray_Rudge,Murray_Ridge
Nimrod,Nimrod_Crater
Odyssey,Odyssey_Crater
Oileán,Oileán_Ruaidh
Perseverance,Perseverance_Valley
Pi,Pinnacle_Island
Pinaut,Pierre_Pinaut
Pinnicle_Island,Pinnacle_Island
Purgatory,Purgatory_Dune
Pv,Perseverance_Valley
Realshark_Tooth,Real_Shark_Tooth
Resolution,Resolution_Crater
Resolution_Cluster_Craters,Resolution_Crater_Cluster
Resolution_Cluster,Resolution_Crater_Cluster
Rf,Roosevelt_Field
Rim_Of_Endeavour,Rim_Of_Endeavour_Crater
Roosevelt,Roosevelt_Field
Rub_Al_Khali,Rub_Al_Khali_Plains
Santacatarina,Santa_Catarina
Santa_Maria,Santa_Maria_Crater
Sarcobatus_Clst,Sarcobatus_Clast
Sc,Santa_Catarina
Scf,Sergeant_Charles_Floyd
Sgtcfloyd,Sergeant_Charles_Floyd
Sgtcfloyd_2,Sergeant_Charles_Floyd_2
Sgtcfloyd_3,Sergeant_Charles_Floyd_3
Sgt_Charles_Floyd,Sergeant_Charles_Floyd
Sgt._Charles_Floyd,Sergeant_Charles_Floyd
Sgt_Nathaniel_Pryor,Sergeant_Nathaniel_Prior
Sgt._Nathaniel_Pryor,Sergeant_Nathaniel_Prior
Shark_Tooth,Shark's_Tooth
Shelter,Shelter_Island
Shoemaker,Shoemaker_Formation
Shoemaker_Fm,Shoemaker_Formation
Shoemakers_Patio,Shoemaker's_Patio
Si,Shelter_Island
Siahs_Swamp,Siah's_Swamp
Siahs_Swamp_2,Siah's_Swamp_2
Solander_Pt,Solander_Point
Sosl,Spirit_of_St._Louis_Crater
Sp,Solander_Point
Spirit_Of_Saint_Louis,Spirit_Of_Saint_Louis_Crater
Spirit_Of_St._Louis,Spirit_Of_Saint_Louis_Crater
Spirit_of_St._Louis_Crater,Spirit_Of_Saint_Louis_Crater
Spongebob_Squidward,Heat_Shield_Rock
Stewart_Island,Stuart_Island
Stuart,Stuart_Island
Sutherland_Pt,Sutherland_Point
Terra_Nova,Terra_Nova_Crater
Tickbush,Tick_Bush
Tickbush_2,Tick_Bush_2
Tome,Tomé
Trenchwall_2,Hema_Trench_Wall_2
Vermillion_Cliffs,Vermilion_Cliffs
Victoria,Victoria_Crater
Voskhod,Voskhod_Crater
Vostock,Vostok_Crater
Vostock_Crater,Vostok_Crater
Vostok,Vostok_Crater
Voyager,Voyager_Crater
Wr,Wdowiak_Ridge
